link~~,replace~~
https://achatscanada.canada.ca/fr/notre-processus-d-achat/politiques-et-lignes-directrices/guide-des-clauses-et-cond#W5001C,https://achatscanada.canada.ca/fr/notre-processus-d-achat/politiques-et-lignes-directrices/guide-des-clauses-et-cond-5w#W5001C
https://achatscanada.canada.ca/fr/notre-processus-d-achat/politiques-et-lignes-directrices/guide-des-clauses-et-cond#W3022C,https://achatscanada.canada.ca/fr/notre-processus-d-achat/politiques-et-lignes-directrices/guide-des-clauses-et-cond-5w#W3022C
https://achatscanada.canada.ca/fr/notre-processus-d-achat/politiques-et-lignes-directrices/guide-des-clauses-et-cond#W3020C,https://achatscanada.canada.ca/fr/notre-processus-d-achat/politiques-et-lignes-directrices/guide-des-clauses-et-cond-5w#W3020C
https://achatscanada.canada.ca/fr/notre-processus-d-achat/politiques-et-lignes-directrices/guide-des-clauses-et-cond#W0215C,https://achatscanada.canada.ca/fr/notre-processus-d-achat/politiques-et-lignes-directrices/guide-des-clauses-et-cond-5w#W0215C
https://achatscanada.canada.ca/fr/notre-processus-d-achat/politiques-et-lignes-directrices/guide-des-clauses-et-cond#W0214C,https://achatscanada.canada.ca/fr/notre-processus-d-achat/politiques-et-lignes-directrices/guide-des-clauses-et-cond-5w#W0214C
https://achatscanada.canada.ca/fr/notre-processus-d-achat/politiques-et-lignes-directrices/guide-des-clauses-et-cond#W0213C,https://achatscanada.canada.ca/fr/notre-processus-d-achat/politiques-et-lignes-directrices/guide-des-clauses-et-cond-5w#W0213C
https://achatscanada.canada.ca/fr/notre-processus-d-achat/politiques-et-lignes-directrices/guide-des-clauses-et-cond#W0212C,https://achatscanada.canada.ca/fr/notre-processus-d-achat/politiques-et-lignes-directrices/guide-des-clauses-et-cond-5w#W0212C
https://achatscanada.canada.ca/fr/notre-processus-d-achat/politiques-et-lignes-directrices/guide-des-clauses-et-cond#W0211C,https://achatscanada.canada.ca/fr/notre-processus-d-achat/politiques-et-lignes-directrices/guide-des-clauses-et-cond-5w#W0211C
https://achatscanada.canada.ca/fr/notre-processus-d-achat/politiques-et-lignes-directrices/guide-des-clauses-et-cond#W0210C,https://achatscanada.canada.ca/fr/notre-processus-d-achat/politiques-et-lignes-directrices/guide-des-clauses-et-cond-5w#W0210C
https://achatscanada.canada.ca/fr/notre-processus-d-achat/politiques-et-lignes-directrices/guide-des-clauses-et-cond#W0209C,https://achatscanada.canada.ca/fr/notre-processus-d-achat/politiques-et-lignes-directrices/guide-des-clauses-et-cond-5w#W0209C
https://achatscanada.canada.ca/fr/notre-processus-d-achat/politiques-et-lignes-directrices/guide-des-clauses-et-cond#W0208C,https://achatscanada.canada.ca/fr/notre-processus-d-achat/politiques-et-lignes-directrices/guide-des-clauses-et-cond-5w#W0208C
https://achatscanada.canada.ca/fr/notre-processus-d-achat/politiques-et-lignes-directrices/guide-des-clauses-et-cond#W0207C,https://achatscanada.canada.ca/fr/notre-processus-d-achat/politiques-et-lignes-directrices/guide-des-clauses-et-cond-5w#W0207C
https://achatscanada.canada.ca/fr/notre-processus-d-achat/politiques-et-lignes-directrices/guide-des-clauses-et-cond#W0205T,https://achatscanada.canada.ca/fr/notre-processus-d-achat/politiques-et-lignes-directrices/guide-des-clauses-et-cond-5w#W0205T
https://achatscanada.canada.ca/fr/notre-processus-d-achat/politiques-et-lignes-directrices/guide-des-clauses-et-cond#W0204T,https://achatscanada.canada.ca/fr/notre-processus-d-achat/politiques-et-lignes-directrices/guide-des-clauses-et-cond-5w#W0204T
https://achatscanada.canada.ca/fr/notre-processus-d-achat/politiques-et-lignes-directrices/guide-des-clauses-et-cond#W0203T,https://achatscanada.canada.ca/fr/notre-processus-d-achat/politiques-et-lignes-directrices/guide-des-clauses-et-cond-5w#W0203T
https://achatscanada.canada.ca/fr/notre-processus-d-achat/politiques-et-lignes-directrices/guide-des-clauses-et-cond#W0202T,https://achatscanada.canada.ca/fr/notre-processus-d-achat/politiques-et-lignes-directrices/guide-des-clauses-et-cond-5w#W0202T
https://achatscanada.canada.ca/fr/notre-processus-d-achat/politiques-et-lignes-directrices/guide-des-clauses-et-cond#W0027T2,https://achatscanada.canada.ca/fr/notre-processus-d-achat/politiques-et-lignes-directrices/guide-des-clauses-et-cond-5w#W0027T2
https://achatscanada.canada.ca/fr/notre-processus-d-achat/politiques-et-lignes-directrices/guide-des-clauses-et-cond#W0027T1,https://achatscanada.canada.ca/fr/notre-processus-d-achat/politiques-et-lignes-directrices/guide-des-clauses-et-cond-5w#W0027T1
https://achatscanada.canada.ca/fr/notre-processus-d-achat/politiques-et-lignes-directrices/guide-des-clauses-et-cond#W0005T,https://achatscanada.canada.ca/fr/notre-processus-d-achat/politiques-et-lignes-directrices/guide-des-clauses-et-cond-5w#W0005T
https://achatscanada.canada.ca/fr/notre-processus-d-achat/politiques-et-lignes-directrices/guide-des-clauses-et-cond#TEMPLATES,https://achatscanada.canada.ca/fr/notre-processus-d-achat/politiques-et-lignes-directrices/guide-des-clauses-et-cond-2#TEMPLATES
https://achatscanada.canada.ca/fr/notre-processus-d-achat/politiques-et-lignes-directrices/guide-des-clauses-et-cond#section-2,https://achatscanada.canada.ca/fr/notre-processus-d-achat/politiques-et-lignes-directrices/guide-des-clauses-et-cond-2
https://achatscanada.canada.ca/fr/notre-processus-d-achat/politiques-et-lignes-directrices/guide-des-clauses-et-cond#S3037T,https://achatscanada.canada.ca/fr/notre-processus-d-achat/politiques-et-lignes-directrices/guide-des-clauses-et-cond-5s#S3037T
https://achatscanada.canada.ca/fr/notre-processus-d-achat/politiques-et-lignes-directrices/guide-des-clauses-et-cond#S3031T,https://achatscanada.canada.ca/fr/notre-processus-d-achat/politiques-et-lignes-directrices/guide-des-clauses-et-cond-5s#S3031T
https://achatscanada.canada.ca/fr/notre-processus-d-achat/politiques-et-lignes-directrices/guide-des-clauses-et-cond#S3030T,https://achatscanada.canada.ca/fr/notre-processus-d-achat/politiques-et-lignes-directrices/guide-des-clauses-et-cond-5s#S3030T
https://achatscanada.canada.ca/fr/notre-processus-d-achat/politiques-et-lignes-directrices/guide-des-clauses-et-cond#S3025T,https://achatscanada.canada.ca/fr/notre-processus-d-achat/politiques-et-lignes-directrices/guide-des-clauses-et-cond-5s#S3025T
https://achatscanada.canada.ca/fr/notre-processus-d-achat/politiques-et-lignes-directrices/guide-des-clauses-et-cond#S0026T,https://achatscanada.canada.ca/fr/notre-processus-d-achat/politiques-et-lignes-directrices/guide-des-clauses-et-cond-5s#S0026T
https://achatscanada.canada.ca/fr/notre-processus-d-achat/politiques-et-lignes-directrices/guide-des-clauses-et-cond#S0010C,https://achatscanada.canada.ca/fr/notre-processus-d-achat/politiques-et-lignes-directrices/guide-des-clauses-et-cond-5s#S0010C
https://achatscanada.canada.ca/fr/notre-processus-d-achat/politiques-et-lignes-directrices/guide-des-clauses-et-cond#R5110T,https://achatscanada.canada.ca/fr/notre-processus-d-achat/politiques-et-lignes-directrices/guide-des-clauses-et-cond-5r#R5110T
https://achatscanada.canada.ca/fr/notre-processus-d-achat/politiques-et-lignes-directrices/guide-des-clauses-et-cond#R2865D,https://achatscanada.canada.ca/fr/notre-processus-d-achat/politiques-et-lignes-directrices/guide-des-clauses-et-cond-5r#R2865D
https://achatscanada.canada.ca/fr/notre-processus-d-achat/politiques-et-lignes-directrices/guide-des-clauses-et-cond#R2860D,https://achatscanada.canada.ca/fr/notre-processus-d-achat/politiques-et-lignes-directrices/guide-des-clauses-et-cond-5r#R2860D
https://achatscanada.canada.ca/fr/notre-processus-d-achat/politiques-et-lignes-directrices/guide-des-clauses-et-cond#R2810D,https://achatscanada.canada.ca/fr/notre-processus-d-achat/politiques-et-lignes-directrices/guide-des-clauses-et-cond-5r#R2810D
https://achatscanada.canada.ca/fr/notre-processus-d-achat/politiques-et-lignes-directrices/guide-des-clauses-et-cond#R2710T,https://achatscanada.canada.ca/fr/notre-processus-d-achat/politiques-et-lignes-directrices/guide-des-clauses-et-cond-5r#R2710T
https://achatscanada.canada.ca/fr/notre-processus-d-achat/politiques-et-lignes-directrices/guide-des-clauses-et-cond#R2410T,https://achatscanada.canada.ca/fr/notre-processus-d-achat/politiques-et-lignes-directrices/guide-des-clauses-et-cond-5r#R2410T
https://achatscanada.canada.ca/fr/notre-processus-d-achat/politiques-et-lignes-directrices/guide-des-clauses-et-cond#R1410T,https://achatscanada.canada.ca/fr/notre-processus-d-achat/politiques-et-lignes-directrices/guide-des-clauses-et-cond-5r#R1410T
https://achatscanada.canada.ca/fr/notre-processus-d-achat/politiques-et-lignes-directrices/guide-des-clauses-et-cond#R1210D,https://achatscanada.canada.ca/fr/notre-processus-d-achat/politiques-et-lignes-directrices/guide-des-clauses-et-cond-5r#R1210D
https://achatscanada.canada.ca/fr/notre-processus-d-achat/politiques-et-lignes-directrices/guide-des-clauses-et-cond#R1110T,https://achatscanada.canada.ca/fr/notre-processus-d-achat/politiques-et-lignes-directrices/guide-des-clauses-et-cond-5r#R1110T
https://achatscanada.canada.ca/fr/notre-processus-d-achat/politiques-et-lignes-directrices/guide-des-clauses-et-cond#N0008C,https://achatscanada.canada.ca/fr/notre-processus-d-achat/politiques-et-lignes-directrices/guide-des-clauses-et-cond-5n#N0008C
https://achatscanada.canada.ca/fr/notre-processus-d-achat/politiques-et-lignes-directrices/guide-des-clauses-et-cond#N0004C,https://achatscanada.canada.ca/fr/notre-processus-d-achat/politiques-et-lignes-directrices/guide-des-clauses-et-cond-5n#N0004C
https://achatscanada.canada.ca/fr/notre-processus-d-achat/politiques-et-lignes-directrices/guide-des-clauses-et-cond#N0000C,https://achatscanada.canada.ca/fr/notre-processus-d-achat/politiques-et-lignes-directrices/guide-des-clauses-et-cond-5n#N0000C
https://achatscanada.canada.ca/fr/notre-processus-d-achat/politiques-et-lignes-directrices/guide-des-clauses-et-cond#M9083T,https://achatscanada.canada.ca/fr/notre-processus-d-achat/politiques-et-lignes-directrices/guide-des-clauses-et-cond-5m#M9083T
https://achatscanada.canada.ca/fr/notre-processus-d-achat/politiques-et-lignes-directrices/guide-des-clauses-et-cond#M9015T,https://achatscanada.canada.ca/fr/notre-processus-d-achat/politiques-et-lignes-directrices/guide-des-clauses-et-cond-5m#M9015T
https://achatscanada.canada.ca/fr/notre-processus-d-achat/politiques-et-lignes-directrices/guide-des-clauses-et-cond#M7010C,https://achatscanada.canada.ca/fr/notre-processus-d-achat/politiques-et-lignes-directrices/guide-des-clauses-et-cond-5m#M7010C
https://achatscanada.canada.ca/fr/notre-processus-d-achat/politiques-et-lignes-directrices/guide-des-clauses-et-cond#M4506C,https://achatscanada.canada.ca/fr/notre-processus-d-achat/politiques-et-lignes-directrices/guide-des-clauses-et-cond-5m#M4506C
https://achatscanada.canada.ca/fr/notre-processus-d-achat/politiques-et-lignes-directrices/guide-des-clauses-et-cond#M3082T,https://achatscanada.canada.ca/fr/notre-processus-d-achat/politiques-et-lignes-directrices/guide-des-clauses-et-cond-5m#M3082T
https://achatscanada.canada.ca/fr/notre-processus-d-achat/politiques-et-lignes-directrices/guide-des-clauses-et-cond#M3081T,https://achatscanada.canada.ca/fr/notre-processus-d-achat/politiques-et-lignes-directrices/guide-des-clauses-et-cond-5m#M3081T
https://achatscanada.canada.ca/fr/notre-processus-d-achat/politiques-et-lignes-directrices/guide-des-clauses-et-cond#M3080T,https://achatscanada.canada.ca/fr/notre-processus-d-achat/politiques-et-lignes-directrices/guide-des-clauses-et-cond-5m#M3080T
https://achatscanada.canada.ca/fr/notre-processus-d-achat/politiques-et-lignes-directrices/guide-des-clauses-et-cond#M3026T,https://achatscanada.canada.ca/fr/notre-processus-d-achat/politiques-et-lignes-directrices/guide-des-clauses-et-cond-5m#M3026T
https://achatscanada.canada.ca/fr/notre-processus-d-achat/politiques-et-lignes-directrices/guide-des-clauses-et-cond#M3025T,https://achatscanada.canada.ca/fr/notre-processus-d-achat/politiques-et-lignes-directrices/guide-des-clauses-et-cond-5m#M3025T
https://achatscanada.canada.ca/fr/notre-processus-d-achat/politiques-et-lignes-directrices/guide-des-clauses-et-cond#M3015T,https://achatscanada.canada.ca/fr/notre-processus-d-achat/politiques-et-lignes-directrices/guide-des-clauses-et-cond-5m#M3015T
https://achatscanada.canada.ca/fr/notre-processus-d-achat/politiques-et-lignes-directrices/guide-des-clauses-et-cond#M3015C,https://achatscanada.canada.ca/fr/notre-processus-d-achat/politiques-et-lignes-directrices/guide-des-clauses-et-cond-5m#M3015C
https://achatscanada.canada.ca/fr/notre-processus-d-achat/politiques-et-lignes-directrices/guide-des-clauses-et-cond#M2002T,https://achatscanada.canada.ca/fr/notre-processus-d-achat/politiques-et-lignes-directrices/guide-des-clauses-et-cond-5m#M2002T
https://achatscanada.canada.ca/fr/notre-processus-d-achat/politiques-et-lignes-directrices/guide-des-clauses-et-cond#M2000T,https://achatscanada.canada.ca/fr/notre-processus-d-achat/politiques-et-lignes-directrices/guide-des-clauses-et-cond-5m#M2000T
https://achatscanada.canada.ca/fr/notre-processus-d-achat/politiques-et-lignes-directrices/guide-des-clauses-et-cond#M0222T,https://achatscanada.canada.ca/fr/notre-processus-d-achat/politiques-et-lignes-directrices/guide-des-clauses-et-cond-5m#M0222T
https://achatscanada.canada.ca/fr/notre-processus-d-achat/politiques-et-lignes-directrices/guide-des-clauses-et-cond#M0220T,https://achatscanada.canada.ca/fr/notre-processus-d-achat/politiques-et-lignes-directrices/guide-des-clauses-et-cond-5m#M0220T
https://achatscanada.canada.ca/fr/notre-processus-d-achat/politiques-et-lignes-directrices/guide-des-clauses-et-cond#K3415C,https://achatscanada.canada.ca/fr/notre-processus-d-achat/politiques-et-lignes-directrices/guide-des-clauses-et-cond-5k#K3415C
https://achatscanada.canada.ca/fr/notre-processus-d-achat/politiques-et-lignes-directrices/guide-des-clauses-et-cond#INTRO,https://achatscanada.canada.ca/fr/notre-processus-d-achat/politiques-et-lignes-directrices/guide-des-clauses-et-cond-0#INTRO
https://achatscanada.canada.ca/fr/notre-processus-d-achat/politiques-et-lignes-directrices/guide-des-clauses-et-cond#H3027T,https://achatscanada.canada.ca/fr/notre-processus-d-achat/politiques-et-lignes-directrices/guide-des-clauses-et-cond-5h#H3027T
https://achatscanada.canada.ca/fr/notre-processus-d-achat/politiques-et-lignes-directrices/guide-des-clauses-et-cond#H3027C,https://achatscanada.canada.ca/fr/notre-processus-d-achat/politiques-et-lignes-directrices/guide-des-clauses-et-cond-5h#H3027C
https://achatscanada.canada.ca/fr/notre-processus-d-achat/politiques-et-lignes-directrices/guide-des-clauses-et-cond#H3024C,https://achatscanada.canada.ca/fr/notre-processus-d-achat/politiques-et-lignes-directrices/guide-des-clauses-et-cond-5h#H3024C
https://achatscanada.canada.ca/fr/notre-processus-d-achat/politiques-et-lignes-directrices/guide-des-clauses-et-cond#H3022C,https://achatscanada.canada.ca/fr/notre-processus-d-achat/politiques-et-lignes-directrices/guide-des-clauses-et-cond-5h#H3022C
https://achatscanada.canada.ca/fr/notre-processus-d-achat/politiques-et-lignes-directrices/guide-des-clauses-et-cond#G1007T,https://achatscanada.canada.ca/fr/notre-processus-d-achat/politiques-et-lignes-directrices/guide-des-clauses-et-cond-5g#G1007T
https://achatscanada.canada.ca/fr/notre-processus-d-achat/politiques-et-lignes-directrices/guide-des-clauses-et-cond#D6009C,https://achatscanada.canada.ca/fr/notre-processus-d-achat/politiques-et-lignes-directrices/guide-des-clauses-et-cond-5d#D6009C
https://achatscanada.canada.ca/fr/notre-processus-d-achat/politiques-et-lignes-directrices/guide-des-clauses-et-cond#D4002C,https://achatscanada.canada.ca/fr/notre-processus-d-achat/politiques-et-lignes-directrices/guide-des-clauses-et-cond-5d#D4002C
https://achatscanada.canada.ca/fr/notre-processus-d-achat/politiques-et-lignes-directrices/guide-des-clauses-et-cond#D0035C,https://achatscanada.canada.ca/fr/notre-processus-d-achat/politiques-et-lignes-directrices/guide-des-clauses-et-cond-5d#D0035C
https://achatscanada.canada.ca/fr/notre-processus-d-achat/politiques-et-lignes-directrices/guide-des-clauses-et-cond#C9011C,https://achatscanada.canada.ca/fr/notre-processus-d-achat/politiques-et-lignes-directrices/guide-des-clauses-et-cond-5c#C9011C
https://achatscanada.canada.ca/fr/notre-processus-d-achat/politiques-et-lignes-directrices/guide-des-clauses-et-cond#C9010C,https://achatscanada.canada.ca/fr/notre-processus-d-achat/politiques-et-lignes-directrices/guide-des-clauses-et-cond-5c#C9010C
https://achatscanada.canada.ca/fr/notre-processus-d-achat/politiques-et-lignes-directrices/guide-des-clauses-et-cond#C8008C,https://achatscanada.canada.ca/fr/notre-processus-d-achat/politiques-et-lignes-directrices/guide-des-clauses-et-cond-5c#C8008C
https://achatscanada.canada.ca/fr/notre-processus-d-achat/politiques-et-lignes-directrices/guide-des-clauses-et-cond#C8007C,https://achatscanada.canada.ca/fr/notre-processus-d-achat/politiques-et-lignes-directrices/guide-des-clauses-et-cond-5c#C8007C
https://achatscanada.canada.ca/fr/notre-processus-d-achat/politiques-et-lignes-directrices/guide-des-clauses-et-cond#C8006C,https://achatscanada.canada.ca/fr/notre-processus-d-achat/politiques-et-lignes-directrices/guide-des-clauses-et-cond-5c#C8006C
https://achatscanada.canada.ca/fr/notre-processus-d-achat/politiques-et-lignes-directrices/guide-des-clauses-et-cond#C8005C,https://achatscanada.canada.ca/fr/notre-processus-d-achat/politiques-et-lignes-directrices/guide-des-clauses-et-cond-5c#C8005C
https://achatscanada.canada.ca/fr/notre-processus-d-achat/politiques-et-lignes-directrices/guide-des-clauses-et-cond#C8004C,https://achatscanada.canada.ca/fr/notre-processus-d-achat/politiques-et-lignes-directrices/guide-des-clauses-et-cond-5c#C8004C
https://achatscanada.canada.ca/fr/notre-processus-d-achat/politiques-et-lignes-directrices/guide-des-clauses-et-cond#C8003C,https://achatscanada.canada.ca/fr/notre-processus-d-achat/politiques-et-lignes-directrices/guide-des-clauses-et-cond-5c#C8003C
https://achatscanada.canada.ca/fr/notre-processus-d-achat/politiques-et-lignes-directrices/guide-des-clauses-et-cond#C8002C,https://achatscanada.canada.ca/fr/notre-processus-d-achat/politiques-et-lignes-directrices/guide-des-clauses-et-cond-5c#C8002C
https://achatscanada.canada.ca/fr/notre-processus-d-achat/politiques-et-lignes-directrices/guide-des-clauses-et-cond#C8001C,https://achatscanada.canada.ca/fr/notre-processus-d-achat/politiques-et-lignes-directrices/guide-des-clauses-et-cond-5c#C8001C
https://achatscanada.canada.ca/fr/notre-processus-d-achat/politiques-et-lignes-directrices/guide-des-clauses-et-cond#C8000C,https://achatscanada.canada.ca/fr/notre-processus-d-achat/politiques-et-lignes-directrices/guide-des-clauses-et-cond-5c#C8000C
https://achatscanada.canada.ca/fr/notre-processus-d-achat/politiques-et-lignes-directrices/guide-des-clauses-et-cond#C6001C,https://achatscanada.canada.ca/fr/notre-processus-d-achat/politiques-et-lignes-directrices/guide-des-clauses-et-cond-5c#C6001C
https://achatscanada.canada.ca/fr/notre-processus-d-achat/politiques-et-lignes-directrices/guide-des-clauses-et-cond#C4005C,https://achatscanada.canada.ca/fr/notre-processus-d-achat/politiques-et-lignes-directrices/guide-des-clauses-et-cond-5c#C4005C
https://achatscanada.canada.ca/fr/notre-processus-d-achat/politiques-et-lignes-directrices/guide-des-clauses-et-cond#C3010T,https://achatscanada.canada.ca/fr/notre-processus-d-achat/politiques-et-lignes-directrices/guide-des-clauses-et-cond-5c#C3010T
https://achatscanada.canada.ca/fr/notre-processus-d-achat/politiques-et-lignes-directrices/guide-des-clauses-et-cond#C2801C,https://achatscanada.canada.ca/fr/notre-processus-d-achat/politiques-et-lignes-directrices/guide-des-clauses-et-cond-5c#C2801C
https://achatscanada.canada.ca/fr/notre-processus-d-achat/politiques-et-lignes-directrices/guide-des-clauses-et-cond#C2608C,https://achatscanada.canada.ca/fr/notre-processus-d-achat/politiques-et-lignes-directrices/guide-des-clauses-et-cond-5c#C2608C
https://achatscanada.canada.ca/fr/notre-processus-d-achat/politiques-et-lignes-directrices/guide-des-clauses-et-cond#C2604C,https://achatscanada.canada.ca/fr/notre-processus-d-achat/politiques-et-lignes-directrices/guide-des-clauses-et-cond-5c#C2604C
https://achatscanada.canada.ca/fr/notre-processus-d-achat/politiques-et-lignes-directrices/guide-des-clauses-et-cond#C1201C,https://achatscanada.canada.ca/fr/notre-processus-d-achat/politiques-et-lignes-directrices/guide-des-clauses-et-cond-5c#C1201C
https://achatscanada.canada.ca/fr/notre-processus-d-achat/politiques-et-lignes-directrices/guide-des-clauses-et-cond#C1200C,https://achatscanada.canada.ca/fr/notre-processus-d-achat/politiques-et-lignes-directrices/guide-des-clauses-et-cond-5c#C1200C
https://achatscanada.canada.ca/fr/notre-processus-d-achat/politiques-et-lignes-directrices/guide-des-clauses-et-cond#C1004C,https://achatscanada.canada.ca/fr/notre-processus-d-achat/politiques-et-lignes-directrices/guide-des-clauses-et-cond-5c#C1004C
https://achatscanada.canada.ca/fr/notre-processus-d-achat/politiques-et-lignes-directrices/guide-des-clauses-et-cond#C0902C,https://achatscanada.canada.ca/fr/notre-processus-d-achat/politiques-et-lignes-directrices/guide-des-clauses-et-cond-5c#C0902C
https://achatscanada.canada.ca/fr/notre-processus-d-achat/politiques-et-lignes-directrices/guide-des-clauses-et-cond#C0900C,https://achatscanada.canada.ca/fr/notre-processus-d-achat/politiques-et-lignes-directrices/guide-des-clauses-et-cond-5c#C0900C
https://achatscanada.canada.ca/fr/notre-processus-d-achat/politiques-et-lignes-directrices/guide-des-clauses-et-cond#C0214C,https://achatscanada.canada.ca/fr/notre-processus-d-achat/politiques-et-lignes-directrices/guide-des-clauses-et-cond-5c#C0214C
https://achatscanada.canada.ca/fr/notre-processus-d-achat/politiques-et-lignes-directrices/guide-des-clauses-et-cond#C0213C,https://achatscanada.canada.ca/fr/notre-processus-d-achat/politiques-et-lignes-directrices/guide-des-clauses-et-cond-5c#C0213C
https://achatscanada.canada.ca/fr/notre-processus-d-achat/politiques-et-lignes-directrices/guide-des-clauses-et-cond#C0212C,https://achatscanada.canada.ca/fr/notre-processus-d-achat/politiques-et-lignes-directrices/guide-des-clauses-et-cond-5c#C0212C
https://achatscanada.canada.ca/fr/notre-processus-d-achat/politiques-et-lignes-directrices/guide-des-clauses-et-cond#C0211C,https://achatscanada.canada.ca/fr/notre-processus-d-achat/politiques-et-lignes-directrices/guide-des-clauses-et-cond-5c#C0211C
https://achatscanada.canada.ca/fr/notre-processus-d-achat/politiques-et-lignes-directrices/guide-des-clauses-et-cond#C0210C,https://achatscanada.canada.ca/fr/notre-processus-d-achat/politiques-et-lignes-directrices/guide-des-clauses-et-cond-5c#C0210C
https://achatscanada.canada.ca/fr/notre-processus-d-achat/politiques-et-lignes-directrices/guide-des-clauses-et-cond#C0209C,https://achatscanada.canada.ca/fr/notre-processus-d-achat/politiques-et-lignes-directrices/guide-des-clauses-et-cond-5c#C0209C
https://achatscanada.canada.ca/fr/notre-processus-d-achat/politiques-et-lignes-directrices/guide-des-clauses-et-cond#C0207C,https://achatscanada.canada.ca/fr/notre-processus-d-achat/politiques-et-lignes-directrices/guide-des-clauses-et-cond-5c#C0207C
https://achatscanada.canada.ca/fr/notre-processus-d-achat/politiques-et-lignes-directrices/guide-des-clauses-et-cond#C0206C,https://achatscanada.canada.ca/fr/notre-processus-d-achat/politiques-et-lignes-directrices/guide-des-clauses-et-cond-5c#C0206C
https://achatscanada.canada.ca/fr/notre-processus-d-achat/politiques-et-lignes-directrices/guide-des-clauses-et-cond#C0204C,https://achatscanada.canada.ca/fr/notre-processus-d-achat/politiques-et-lignes-directrices/guide-des-clauses-et-cond-5c#C0204C
https://achatscanada.canada.ca/fr/notre-processus-d-achat/politiques-et-lignes-directrices/guide-des-clauses-et-cond#C0014C,https://achatscanada.canada.ca/fr/notre-processus-d-achat/politiques-et-lignes-directrices/guide-des-clauses-et-cond-5c#C0014C
https://achatscanada.canada.ca/fr/notre-processus-d-achat/politiques-et-lignes-directrices/guide-des-clauses-et-cond#B9056C,https://achatscanada.canada.ca/fr/notre-processus-d-achat/politiques-et-lignes-directrices/guide-des-clauses-et-cond-5b#B9056C
https://achatscanada.canada.ca/fr/notre-processus-d-achat/politiques-et-lignes-directrices/guide-des-clauses-et-cond#B9014C,https://achatscanada.canada.ca/fr/notre-processus-d-achat/politiques-et-lignes-directrices/guide-des-clauses-et-cond-5b#B9014C
https://achatscanada.canada.ca/fr/notre-processus-d-achat/politiques-et-lignes-directrices/guide-des-clauses-et-cond#B9007C,https://achatscanada.canada.ca/fr/notre-processus-d-achat/politiques-et-lignes-directrices/guide-des-clauses-et-cond-5b#B9007C
https://achatscanada.canada.ca/fr/notre-processus-d-achat/politiques-et-lignes-directrices/guide-des-clauses-et-cond#B9006T,https://achatscanada.canada.ca/fr/notre-processus-d-achat/politiques-et-lignes-directrices/guide-des-clauses-et-cond-5b#B9006T
https://achatscanada.canada.ca/fr/notre-processus-d-achat/politiques-et-lignes-directrices/guide-des-clauses-et-cond#B7003C,https://achatscanada.canada.ca/fr/notre-processus-d-achat/politiques-et-lignes-directrices/guide-des-clauses-et-cond-5b#B7003C
https://achatscanada.canada.ca/fr/notre-processus-d-achat/politiques-et-lignes-directrices/guide-des-clauses-et-cond#B7002T,https://achatscanada.canada.ca/fr/notre-processus-d-achat/politiques-et-lignes-directrices/guide-des-clauses-et-cond-5b#B7002T
https://achatscanada.canada.ca/fr/notre-processus-d-achat/politiques-et-lignes-directrices/guide-des-clauses-et-cond#B4075T,https://achatscanada.canada.ca/fr/notre-processus-d-achat/politiques-et-lignes-directrices/guide-des-clauses-et-cond-5b#B4075T
https://achatscanada.canada.ca/fr/notre-processus-d-achat/politiques-et-lignes-directrices/guide-des-clauses-et-cond#B4024T,https://achatscanada.canada.ca/fr/notre-processus-d-achat/politiques-et-lignes-directrices/guide-des-clauses-et-cond-5b#B4024T
https://achatscanada.canada.ca/fr/notre-processus-d-achat/politiques-et-lignes-directrices/guide-des-clauses-et-cond#A9083T,https://achatscanada.canada.ca/fr/notre-processus-d-achat/politiques-et-lignes-directrices/guide-des-clauses-et-cond-5a#A9083T
https://achatscanada.canada.ca/fr/notre-processus-d-achat/politiques-et-lignes-directrices/guide-des-clauses-et-cond#A9056T,https://achatscanada.canada.ca/fr/notre-processus-d-achat/politiques-et-lignes-directrices/guide-des-clauses-et-cond-5a#A9056T
https://achatscanada.canada.ca/fr/notre-processus-d-achat/politiques-et-lignes-directrices/guide-des-clauses-et-cond#A9043T,https://achatscanada.canada.ca/fr/notre-processus-d-achat/politiques-et-lignes-directrices/guide-des-clauses-et-cond-5a#A9043T
https://achatscanada.canada.ca/fr/notre-processus-d-achat/politiques-et-lignes-directrices/guide-des-clauses-et-cond#A9040T,https://achatscanada.canada.ca/fr/notre-processus-d-achat/politiques-et-lignes-directrices/guide-des-clauses-et-cond-5a#A9040T
https://achatscanada.canada.ca/fr/notre-processus-d-achat/politiques-et-lignes-directrices/guide-des-clauses-et-cond#A9038T,https://achatscanada.canada.ca/fr/notre-processus-d-achat/politiques-et-lignes-directrices/guide-des-clauses-et-cond-5a#A9038T
https://achatscanada.canada.ca/fr/notre-processus-d-achat/politiques-et-lignes-directrices/guide-des-clauses-et-cond#A3081T,https://achatscanada.canada.ca/fr/notre-processus-d-achat/politiques-et-lignes-directrices/guide-des-clauses-et-cond-5a#A3081T
https://achatscanada.canada.ca/fr/notre-processus-d-achat/politiques-et-lignes-directrices/guide-des-clauses-et-cond#A3080T,https://achatscanada.canada.ca/fr/notre-processus-d-achat/politiques-et-lignes-directrices/guide-des-clauses-et-cond-5a#A3080T
https://achatscanada.canada.ca/fr/notre-processus-d-achat/politiques-et-lignes-directrices/guide-des-clauses-et-cond#A3070T,https://achatscanada.canada.ca/fr/notre-processus-d-achat/politiques-et-lignes-directrices/guide-des-clauses-et-cond-5a#A3070T
https://achatscanada.canada.ca/fr/notre-processus-d-achat/politiques-et-lignes-directrices/guide-des-clauses-et-cond#A3050T,https://achatscanada.canada.ca/fr/notre-processus-d-achat/politiques-et-lignes-directrices/guide-des-clauses-et-cond-5a#A3050T
https://achatscanada.canada.ca/fr/notre-processus-d-achat/politiques-et-lignes-directrices/guide-des-clauses-et-cond#A3031T,https://achatscanada.canada.ca/fr/notre-processus-d-achat/politiques-et-lignes-directrices/guide-des-clauses-et-cond-5a#A3031T
https://achatscanada.canada.ca/fr/notre-processus-d-achat/politiques-et-lignes-directrices/guide-des-clauses-et-cond#A3030T,https://achatscanada.canada.ca/fr/notre-processus-d-achat/politiques-et-lignes-directrices/guide-des-clauses-et-cond-5a#A3030T
https://achatscanada.canada.ca/fr/notre-processus-d-achat/politiques-et-lignes-directrices/guide-des-clauses-et-cond#A3026T,https://achatscanada.canada.ca/fr/notre-processus-d-achat/politiques-et-lignes-directrices/guide-des-clauses-et-cond-5a#A3026T
https://achatscanada.canada.ca/fr/notre-processus-d-achat/politiques-et-lignes-directrices/guide-des-clauses-et-cond#A3025T,https://achatscanada.canada.ca/fr/notre-processus-d-achat/politiques-et-lignes-directrices/guide-des-clauses-et-cond-5a#A3025T
https://achatscanada.canada.ca/fr/notre-processus-d-achat/politiques-et-lignes-directrices/guide-des-clauses-et-cond#A3025C,https://achatscanada.canada.ca/fr/notre-processus-d-achat/politiques-et-lignes-directrices/guide-des-clauses-et-cond-5a#A3025C
https://achatscanada.canada.ca/fr/notre-processus-d-achat/politiques-et-lignes-directrices/guide-des-clauses-et-cond#A3022C,https://achatscanada.canada.ca/fr/notre-processus-d-achat/politiques-et-lignes-directrices/guide-des-clauses-et-cond-5a#A3022C
https://achatscanada.canada.ca/fr/notre-processus-d-achat/politiques-et-lignes-directrices/guide-des-clauses-et-cond#A3021C,https://achatscanada.canada.ca/fr/notre-processus-d-achat/politiques-et-lignes-directrices/guide-des-clauses-et-cond-5a#A3021C
https://achatscanada.canada.ca/fr/notre-processus-d-achat/politiques-et-lignes-directrices/guide-des-clauses-et-cond#A3020C,https://achatscanada.canada.ca/fr/notre-processus-d-achat/politiques-et-lignes-directrices/guide-des-clauses-et-cond-5a#A3020C
https://achatscanada.canada.ca/fr/notre-processus-d-achat/politiques-et-lignes-directrices/guide-des-clauses-et-cond#A3019T,https://achatscanada.canada.ca/fr/notre-processus-d-achat/politiques-et-lignes-directrices/guide-des-clauses-et-cond-5a#A3019T
https://achatscanada.canada.ca/fr/notre-processus-d-achat/politiques-et-lignes-directrices/guide-des-clauses-et-cond#A3018T,https://achatscanada.canada.ca/fr/notre-processus-d-achat/politiques-et-lignes-directrices/guide-des-clauses-et-cond-5a#A3018T
https://achatscanada.canada.ca/fr/notre-processus-d-achat/politiques-et-lignes-directrices/guide-des-clauses-et-cond#A3017T,https://achatscanada.canada.ca/fr/notre-processus-d-achat/politiques-et-lignes-directrices/guide-des-clauses-et-cond-5a#A3017T
https://achatscanada.canada.ca/fr/notre-processus-d-achat/politiques-et-lignes-directrices/guide-des-clauses-et-cond#A3016T,https://achatscanada.canada.ca/fr/notre-processus-d-achat/politiques-et-lignes-directrices/guide-des-clauses-et-cond-5a#A3016T
https://achatscanada.canada.ca/fr/notre-processus-d-achat/politiques-et-lignes-directrices/guide-des-clauses-et-cond#A3015T,https://achatscanada.canada.ca/fr/notre-processus-d-achat/politiques-et-lignes-directrices/guide-des-clauses-et-cond-5a#A3015T
https://achatscanada.canada.ca/fr/notre-processus-d-achat/politiques-et-lignes-directrices/guide-des-clauses-et-cond#A3015C,https://achatscanada.canada.ca/fr/notre-processus-d-achat/politiques-et-lignes-directrices/guide-des-clauses-et-cond-5a#A3015C
https://achatscanada.canada.ca/fr/notre-processus-d-achat/politiques-et-lignes-directrices/guide-des-clauses-et-cond#A3008C,https://achatscanada.canada.ca/fr/notre-processus-d-achat/politiques-et-lignes-directrices/guide-des-clauses-et-cond-5a#A3008C
https://achatscanada.canada.ca/fr/notre-processus-d-achat/politiques-et-lignes-directrices/guide-des-clauses-et-cond#A3007T,https://achatscanada.canada.ca/fr/notre-processus-d-achat/politiques-et-lignes-directrices/guide-des-clauses-et-cond-5a#A3007T
https://achatscanada.canada.ca/fr/notre-processus-d-achat/politiques-et-lignes-directrices/guide-des-clauses-et-cond#A3006T,https://achatscanada.canada.ca/fr/notre-processus-d-achat/politiques-et-lignes-directrices/guide-des-clauses-et-cond-5a#A3006T
https://achatscanada.canada.ca/fr/notre-processus-d-achat/politiques-et-lignes-directrices/guide-des-clauses-et-cond#A3002T,https://achatscanada.canada.ca/fr/notre-processus-d-achat/politiques-et-lignes-directrices/guide-des-clauses-et-cond-5a#A3002T
https://achatscanada.canada.ca/fr/notre-processus-d-achat/politiques-et-lignes-directrices/guide-des-clauses-et-cond#A0222T,https://achatscanada.canada.ca/fr/notre-processus-d-achat/politiques-et-lignes-directrices/guide-des-clauses-et-cond-5a#A0222T
https://achatscanada.canada.ca/fr/notre-processus-d-achat/politiques-et-lignes-directrices/guide-des-clauses-et-cond#A0220T,https://achatscanada.canada.ca/fr/notre-processus-d-achat/politiques-et-lignes-directrices/guide-des-clauses-et-cond-5a#A0220T
https://achatscanada.canada.ca/fr/notre-processus-d-achat/politiques-et-lignes-directrices/guide-des-clauses-et-cond#A0210T,https://achatscanada.canada.ca/fr/notre-processus-d-achat/politiques-et-lignes-directrices/guide-des-clauses-et-cond-5a#A0210T
https://achatscanada.canada.ca/fr/notre-processus-d-achat/politiques-et-lignes-directrices/guide-des-clauses-et-cond#4014,https://achatscanada.canada.ca/fr/notre-processus-d-achat/politiques-et-lignes-directrices/guide-des-clauses-et-cond-4#4014
https://achatscanada.canada.ca/fr/notre-processus-d-achat/politiques-et-lignes-directrices/guide-des-clauses-et-cond#4013,https://achatscanada.canada.ca/fr/notre-processus-d-achat/politiques-et-lignes-directrices/guide-des-clauses-et-cond-4#4013
https://achatscanada.canada.ca/fr/notre-processus-d-achat/politiques-et-lignes-directrices/guide-des-clauses-et-cond#4009,https://achatscanada.canada.ca/fr/notre-processus-d-achat/politiques-et-lignes-directrices/guide-des-clauses-et-cond-4#4009
https://achatscanada.canada.ca/fr/notre-processus-d-achat/politiques-et-lignes-directrices/guide-des-clauses-et-cond#2040,https://achatscanada.canada.ca/fr/notre-processus-d-achat/politiques-et-lignes-directrices/guide-des-clauses-et-cond-3#2040
https://achatscanada.canada.ca/fr/notre-processus-d-achat/politiques-et-lignes-directrices/guide-des-clauses-et-cond#2035ACB,https://achatscanada.canada.ca/fr/notre-processus-d-achat/politiques-et-lignes-directrices/guide-des-clauses-et-cond-3#2035ACB
https://achatscanada.canada.ca/fr/notre-processus-d-achat/politiques-et-lignes-directrices/guide-des-clauses-et-cond#2035,https://achatscanada.canada.ca/fr/notre-processus-d-achat/politiques-et-lignes-directrices/guide-des-clauses-et-cond-3#2035
https://achatscanada.canada.ca/fr/notre-processus-d-achat/politiques-et-lignes-directrices/guide-des-clauses-et-cond#2030ACB,https://achatscanada.canada.ca/fr/notre-processus-d-achat/politiques-et-lignes-directrices/guide-des-clauses-et-cond-3#2030ACB
https://achatscanada.canada.ca/fr/notre-processus-d-achat/politiques-et-lignes-directrices/guide-des-clauses-et-cond#2030,https://achatscanada.canada.ca/fr/notre-processus-d-achat/politiques-et-lignes-directrices/guide-des-clauses-et-cond-3#2030
https://achatscanada.canada.ca/fr/notre-processus-d-achat/politiques-et-lignes-directrices/guide-des-clauses-et-cond#2029,https://achatscanada.canada.ca/fr/notre-processus-d-achat/politiques-et-lignes-directrices/guide-des-clauses-et-cond-3#2029
https://achatscanada.canada.ca/fr/notre-processus-d-achat/politiques-et-lignes-directrices/guide-des-clauses-et-cond#2020,https://achatscanada.canada.ca/fr/notre-processus-d-achat/politiques-et-lignes-directrices/guide-des-clauses-et-cond-3#2020
https://achatscanada.canada.ca/fr/notre-processus-d-achat/politiques-et-lignes-directrices/guide-des-clauses-et-cond#2015A,https://achatscanada.canada.ca/fr/notre-processus-d-achat/politiques-et-lignes-directrices/guide-des-clauses-et-cond-3#2015A
https://achatscanada.canada.ca/fr/notre-processus-d-achat/politiques-et-lignes-directrices/guide-des-clauses-et-cond#2010C,https://achatscanada.canada.ca/fr/notre-processus-d-achat/politiques-et-lignes-directrices/guide-des-clauses-et-cond-3#2010C
https://achatscanada.canada.ca/fr/notre-processus-d-achat/politiques-et-lignes-directrices/guide-des-clauses-et-cond#2010B,https://achatscanada.canada.ca/fr/notre-processus-d-achat/politiques-et-lignes-directrices/guide-des-clauses-et-cond-3#2010B
https://achatscanada.canada.ca/fr/notre-processus-d-achat/politiques-et-lignes-directrices/guide-des-clauses-et-cond#2010A,https://achatscanada.canada.ca/fr/notre-processus-d-achat/politiques-et-lignes-directrices/guide-des-clauses-et-cond-3#2010A
https://achatscanada.canada.ca/fr/notre-processus-d-achat/politiques-et-lignes-directrices/guide-des-clauses-et-cond#2009,https://achatscanada.canada.ca/fr/notre-processus-d-achat/politiques-et-lignes-directrices/guide-des-clauses-et-cond-3#2009
https://achatscanada.canada.ca/fr/notre-processus-d-achat/politiques-et-lignes-directrices/guide-des-clauses-et-cond#2008,https://achatscanada.canada.ca/fr/notre-processus-d-achat/politiques-et-lignes-directrices/guide-des-clauses-et-cond-1#2008
https://achatscanada.canada.ca/fr/notre-processus-d-achat/politiques-et-lignes-directrices/guide-des-clauses-et-cond#2007,https://achatscanada.canada.ca/fr/notre-processus-d-achat/politiques-et-lignes-directrices/guide-des-clauses-et-cond-1#2007
https://achatscanada.canada.ca/fr/notre-processus-d-achat/politiques-et-lignes-directrices/guide-des-clauses-et-cond#2006,https://achatscanada.canada.ca/fr/notre-processus-d-achat/politiques-et-lignes-directrices/guide-des-clauses-et-cond-1#2006
https://achatscanada.canada.ca/fr/notre-processus-d-achat/politiques-et-lignes-directrices/guide-des-clauses-et-cond#2005,https://achatscanada.canada.ca/fr/notre-processus-d-achat/politiques-et-lignes-directrices/guide-des-clauses-et-cond-3#2005
https://achatscanada.canada.ca/fr/notre-processus-d-achat/politiques-et-lignes-directrices/guide-des-clauses-et-cond#2004ACB,https://achatscanada.canada.ca/fr/notre-processus-d-achat/politiques-et-lignes-directrices/guide-des-clauses-et-cond-1#2004ACB
https://achatscanada.canada.ca/fr/notre-processus-d-achat/politiques-et-lignes-directrices/guide-des-clauses-et-cond#2004,https://achatscanada.canada.ca/fr/notre-processus-d-achat/politiques-et-lignes-directrices/guide-des-clauses-et-cond-1#2004
https://achatscanada.canada.ca/fr/notre-processus-d-achat/politiques-et-lignes-directrices/guide-des-clauses-et-cond#2003ACB,https://achatscanada.canada.ca/fr/notre-processus-d-achat/politiques-et-lignes-directrices/guide-des-clauses-et-cond-1#2003ACB
https://achatscanada.canada.ca/fr/notre-processus-d-achat/politiques-et-lignes-directrices/guide-des-clauses-et-cond#2003,https://achatscanada.canada.ca/fr/notre-processus-d-achat/politiques-et-lignes-directrices/guide-des-clauses-et-cond-1#2003
https://achatscanada.canada.ca/fr/notre-processus-d-achat/politiques-et-lignes-directrices/guide-des-clauses-et-cond#1031-2,https://achatscanada.canada.ca/fr/notre-processus-d-achat/politiques-et-lignes-directrices/guide-des-clauses-et-cond-3#1031-2
https://achatscanada.canada.ca/fr/notre-processus-d-achat/politiques-et-lignes-directrices/guide-des-clauses-et-cond,https://achatscanada.canada.ca/fr/notre-processus-d-achat/politiques-et-lignes-directrices/guide-des-clauses-et-cond